"","UNU KEY","Year","Variable","Value"
"1","0101","2008","£ per Number of items",102.41
"2","0101","2008","Value £000's",5249
"3","0101","2008","Volume (Number of items)",51250
"4","0101","2009","£ per Number of items",193.07
"5","0101","2009","Value £000's",4072
"6","0101","2009","Volume (Number of items)",21090
"7","0101","2010","Value £000's",4069
"8","0101","2010","Volume (Number of items)",0
"9","0101","2011","Value £000's",3654
"10","0101","2011","Volume (Number of items)",0
"11","0101","2012","Value £000's",3342
"12","0101","2012","Volume (Number of items)",0
"13","0101","2013","Value £000's",3074
"14","0101","2013","Volume (Number of items)",0
"15","0101","2014","Value £000's",3264
"16","0101","2014","Volume (Number of items)",0
"17","0101","2015","Value £000's",2564
"18","0101","2015","Volume (Number of items)",0
"19","0101","2016","Value £000's",3207
"20","0101","2016","Volume (Number of items)",0
"21","0101","2017","Value £000's",2113
"22","0101","2017","Volume (Number of items)",0
"23","0101","2018","Value £000's",2211
"24","0101","2018","Volume (Number of items)",0
"25","0101","2019","Value £000's",1809
"26","0101","2019","Volume (Number of items)",0
"27","0101","2020","Value £000's",0
"28","0101","2020","Volume (Number of items)",0
"29","0102","2012","Value £000's",0
"30","0102","2012","Volume (Number of items)",0
"31","0102","2013","Value £000's",0
"32","0102","2013","Volume (Number of items)",0
"33","0102","2014","Value £000's",0
"34","0102","2014","Volume (Number of items)",0
"35","0102","2015","Value £000's",0
"36","0102","2015","Volume (Number of items)",0
"37","0102","2016","Value £000's",0
"38","0102","2016","Volume (Number of items)",0
"39","0102","2017","Value £000's",0
"40","0102","2017","Volume (Number of items)",0
"41","0103","2008","£ per Number of items",404.03
"42","0103","2008","Value £000's",158145
"43","0103","2008","Volume (Number of items)",741939
"44","0103","2009","Value £000's",90149
"45","0103","2009","Volume (Number of items)",0
"46","0103","2010","Value £000's",98185
"47","0103","2010","Volume (Number of items)",0
"48","0103","2011","Value £000's",97772
"49","0103","2011","Volume (Number of items)",0
"50","0103","2012","Value £000's",0
"51","0103","2012","Volume (Number of items)",0
"52","0103","2013","Value £000's",0
"53","0103","2013","Volume (Number of items)",0
"54","0103","2014","Value £000's",0
"55","0103","2014","Volume (Number of items)",0
"56","0103","2015","Value £000's",0
"57","0103","2015","Volume (Number of items)",0
"58","0103","2016","Value £000's",0
"59","0103","2016","Volume (Number of items)",0
"60","0103","2017","Value £000's",0
"61","0103","2017","Volume (Number of items)",0
"62","0103","2018","£ per Number of items",558.47
"63","0103","2018","Value £000's",122084
"64","0103","2018","Volume (Number of items)",218606
"65","0103","2019","£ per Number of items",745.77
"66","0103","2019","Value £000's",117350
"67","0103","2019","Volume (Number of items)",157354
"68","0103","2020","£ per Number of items",777.47
"69","0103","2020","Value £000's",114437
"70","0103","2020","Volume (Number of items)",147192
"71","0104","2008","£ per Number of items",681.95
"72","0104","2008","Value £000's",1730865
"73","0104","2008","Volume (Number of items)",12690540
"74","0104","2009","£ per Number of items",774
"75","0104","2009","Value £000's",1736890
"76","0104","2009","Volume (Number of items)",11220160
"77","0104","2010","Value £000's",0
"78","0104","2010","Volume (Number of items)",0
"79","0104","2011","Value £000's",0
"80","0104","2011","Volume (Number of items)",0
"81","0104","2012","Value £000's",0
"82","0104","2012","Volume (Number of items)",0
"83","0104","2013","Value £000's",0
"84","0104","2013","Volume (Number of items)",0
"85","0104","2014","Value £000's",0
"86","0104","2014","Volume (Number of items)",0
"87","0104","2015","Value £000's",0
"88","0104","2015","Volume (Number of items)",0
"89","0104","2016","Value £000's",0
"90","0104","2016","Volume (Number of items)",0
"91","0104","2017","Value £000's",0
"92","0104","2017","Volume (Number of items)",0
"93","0104","2018","£ per Number of items",556.55
"94","0104","2018","Value £000's",112270
"95","0104","2018","Volume (Number of items)",1008625
"96","0104","2019","£ per Number of items",583.85
"97","0104","2019","Value £000's",118000
"98","0104","2019","Volume (Number of items)",1010505
"99","0104","2020","£ per Number of items",726.3
"100","0104","2020","Value £000's",58120
"101","0104","2020","Volume (Number of items)",400140
"102","0105","2008","£ per Number of items",136.39
"103","0105","2008","Value £000's",346173
"104","0105","2008","Volume (Number of items)",2538108
"105","0105","2009","£ per Number of items",154.8
"106","0105","2009","Value £000's",347378
"107","0105","2009","Volume (Number of items)",2244032
"108","0105","2010","Value £000's",0
"109","0105","2010","Volume (Number of items)",0
"110","0105","2011","Value £000's",0
"111","0105","2011","Volume (Number of items)",0
"112","0105","2012","Value £000's",0
"113","0105","2012","Volume (Number of items)",0
"114","0105","2013","Value £000's",0
"115","0105","2013","Volume (Number of items)",0
"116","0105","2014","Value £000's",0
"117","0105","2014","Volume (Number of items)",0
"118","0105","2015","Value £000's",0
"119","0105","2015","Volume (Number of items)",0
"120","0105","2016","Value £000's",0
"121","0105","2016","Volume (Number of items)",0
"122","0105","2017","Value £000's",0
"123","0105","2017","Volume (Number of items)",0
"124","0105","2018","£ per Number of items",111.31
"125","0105","2018","Value £000's",22454
"126","0105","2018","Volume (Number of items)",201725
"127","0105","2019","£ per Number of items",116.77
"128","0105","2019","Value £000's",23600
"129","0105","2019","Volume (Number of items)",202101
"130","0105","2020","£ per Number of items",145.26
"131","0105","2020","Value £000's",11624
"132","0105","2020","Volume (Number of items)",80028
"133","0106","2008","£ per Number of items",240.44
"134","0106","2008","Value £000's",217698
"135","0106","2008","Volume (Number of items)",4417446
"136","0106","2009","£ per Number of items",2319.54
"137","0106","2009","Value £000's",174557
"138","0106","2009","Volume (Number of items)",3035077
"139","0106","2010","£ per Number of items",2169.5
"140","0106","2010","Value £000's",146353
"141","0106","2010","Volume (Number of items)",2797316
"142","0106","2011","£ per Number of items",714.23
"143","0106","2011","Value £000's",111311
"144","0106","2011","Volume (Number of items)",2198008
"145","0106","2012","£ per Number of items",252.83
"146","0106","2012","Value £000's",87598
"147","0106","2012","Volume (Number of items)",1606068
"148","0106","2013","£ per Number of items",219.75
"149","0106","2013","Value £000's",83149
"150","0106","2013","Volume (Number of items)",1742700
"151","0106","2014","£ per Number of items",233.16
"152","0106","2014","Value £000's",85861
"153","0106","2014","Volume (Number of items)",1648254
"154","0106","2015","£ per Number of items",915.18
"155","0106","2015","Value £000's",124283
"156","0106","2015","Volume (Number of items)",1794792
"157","0106","2016","£ per Number of items",912.18
"158","0106","2016","Value £000's",117426
"159","0106","2016","Volume (Number of items)",1848732
"160","0106","2017","£ per Number of items",907.42
"161","0106","2017","Value £000's",121084
"162","0106","2017","Volume (Number of items)",1761690
"163","0106","2018","£ per Number of items",1010.88
"164","0106","2018","Value £000's",147526
"165","0106","2018","Volume (Number of items)",2133651
"166","0106","2019","£ per Number of items",1043.11
"167","0106","2019","Value £000's",170927
"168","0106","2019","Volume (Number of items)",2608469
"169","0106","2020","£ per Number of items",535.52
"170","0106","2020","Value £000's",143947
"171","0106","2020","Volume (Number of items)",1992452
"172","0108","2012","Value £000's",0
"173","0108","2012","Volume (Number of items)",0
"174","0108","2013","Value £000's",0
"175","0108","2013","Volume (Number of items)",0
"176","0108","2014","Value £000's",0
"177","0108","2014","Volume (Number of items)",0
"178","0108","2015","Value £000's",0
"179","0108","2015","Volume (Number of items)",0
"180","0108","2016","Value £000's",0
"181","0108","2016","Volume (Number of items)",0
"182","0108","2017","Value £000's",0
"183","0108","2017","Volume (Number of items)",0
"184","0108","2018","Value £000's",0
"185","0108","2018","Volume (Number of items)",0
"186","0108","2019","Value £000's",0
"187","0108","2019","Volume (Number of items)",0
"188","0108","2020","Value £000's",0
"189","0108","2020","Volume (Number of items)",0
"190","0109","2011","Value £000's",47212
"191","0109","2012","Value £000's",0
"192","0109","2012","Volume (Number of items)",0
"193","0109","2013","Value £000's",0
"194","0109","2013","Volume (Number of items)",0
"195","0109","2014","Value £000's",0
"196","0109","2014","Volume (Number of items)",0
"197","0109","2015","Value £000's",0
"198","0109","2015","Volume (Number of items)",0
"199","0109","2016","Value £000's",0
"200","0109","2016","Volume (Number of items)",0
"201","0109","2017","Value £000's",0
"202","0109","2017","Volume (Number of items)",0
"203","0109","2018","£ per Number of items",167.94
"204","0109","2018","Value £000's",44
"205","0109","2018","Volume (Number of items)",532
"206","0109","2019","Value £000's",0
"207","0109","2019","Volume (Number of items)",0
"208","0109","2020","Value £000's",0
"209","0109","2020","Volume (Number of items)",0
"210","0111","2008","£ per Number of items",3093.14
"211","0111","2008","Value £000's",413804
"212","0111","2008","Volume (Number of items)",729070
"213","0111","2009","£ per Number of items",2632.6
"214","0111","2009","Value £000's",358002
"215","0111","2009","Volume (Number of items)",620886
"216","0111","2010","£ per Number of items",1708.6
"217","0111","2010","Value £000's",157502
"218","0111","2010","Volume (Number of items)",184364
"219","0111","2011","£ per Number of items",4170.94
"220","0111","2011","Value £000's",350168
"221","0111","2011","Volume (Number of items)",499780
"222","0111","2012","£ per Number of items",4268.86
"223","0111","2012","Value £000's",321724
"224","0111","2012","Volume (Number of items)",473168
"225","0111","2013","£ per Number of items",6884.18
"226","0111","2013","Value £000's",392246
"227","0111","2013","Volume (Number of items)",491730
"228","0111","2014","£ per Number of items",5139.28
"229","0111","2014","Value £000's",139276
"230","0111","2014","Volume (Number of items)",624334
"231","0111","2015","£ per Number of items",6466.48
"232","0111","2015","Value £000's",429266
"233","0111","2015","Volume (Number of items)",605470
"234","0111","2016","£ per Number of items",5936.16
"235","0111","2016","Value £000's",419314
"236","0111","2016","Volume (Number of items)",637772
"237","0111","2017","£ per Number of items",4184.28
"238","0111","2017","Value £000's",111958
"239","0111","2017","Volume (Number of items)",53514
"240","0111","2018","£ per Number of items",5006.14
"241","0111","2018","Value £000's",460634
"242","0111","2018","Volume (Number of items)",684674
"243","0111","2019","£ per Number of items",4414.12
"244","0111","2019","Value £000's",479614
"245","0111","2019","Volume (Number of items)",687892
"246","0111","2020","£ per Number of items",4198
"247","0111","2020","Value £000's",357618
"248","0111","2020","Volume (Number of items)",596768
"249","0112","2008","Volume (Number of items)",13944
"250","0112","2009","£ per Number of items",1676.18
"251","0112","2009","Value £000's",23858
"252","0112","2009","Volume (Number of items)",14233
"253","0112","2010","£ per Number of items",2083.68
"254","0112","2010","Value £000's",22611
"255","0112","2010","Volume (Number of items)",10851
"256","0112","2011","£ per Number of items",2048.06
"257","0112","2011","Value £000's",25695
"258","0112","2011","Volume (Number of items)",12546
"259","0112","2012","£ per Number of items",2099.41
"260","0112","2012","Value £000's",21111
"261","0112","2012","Volume (Number of items)",10056
"262","0112","2013","£ per Number of items",2090.66
"263","0112","2013","Value £000's",21212
"264","0112","2013","Volume (Number of items)",10146
"265","0112","2014","£ per Number of items",2367.02
"266","0112","2014","Value £000's",24062
"267","0112","2014","Volume (Number of items)",10165
"268","0112","2015","£ per Number of items",2448.09
"269","0112","2015","Value £000's",20989
"270","0112","2015","Volume (Number of items)",8574
"271","0112","2016","£ per Number of items",3049.61
"272","0112","2016","Value £000's",19485
"273","0112","2016","Volume (Number of items)",6390
"274","0112","2017","£ per Number of items",2685.89
"275","0112","2017","Value £000's",22019
"276","0112","2017","Volume (Number of items)",8198
"277","0112","2018","£ per Number of items",2894.01
"278","0112","2018","Value £000's",21097
"279","0112","2018","Volume (Number of items)",7290
"280","0112","2019","£ per Number of items",2742.34
"281","0112","2019","Value £000's",24218
"282","0112","2019","Volume (Number of items)",8831
"283","0112","2020","£ per Number of items",2431.68
"284","0112","2020","Value £000's",19369
"285","0112","2020","Volume (Number of items)",7965
"286","0113","2008","£ per Number of items",11930.61
"287","0113","2008","Value £000's",422413
"288","0113","2008","Volume (Number of items)",247837
"289","0113","2009","£ per Number of items",11915.57
"290","0113","2009","Value £000's",314843
"291","0113","2009","Volume (Number of items)",160267
"292","0113","2010","£ per Number of items",11871.58
"293","0113","2010","Value £000's",382399
"294","0113","2010","Volume (Number of items)",442856
"295","0113","2011","£ per Number of items",11268.91
"296","0113","2011","Value £000's",340187
"297","0113","2011","Volume (Number of items)",483872
"298","0113","2012","£ per Number of items",13035.69
"299","0113","2012","Value £000's",338578
"300","0113","2012","Volume (Number of items)",210521
"301","0113","2013","£ per Number of items",13255.67
"302","0113","2013","Value £000's",376518
"303","0113","2013","Volume (Number of items)",241929
"304","0113","2014","£ per Number of items",13475.74
"305","0113","2014","Value £000's",415750
"306","0113","2014","Volume (Number of items)",258219
"307","0113","2015","£ per Number of items",12783.49
"308","0113","2015","Value £000's",399354
"309","0113","2015","Volume (Number of items)",229254
"310","0113","2016","£ per Number of items",12320.76
"311","0113","2016","Value £000's",400515
"312","0113","2016","Volume (Number of items)",247136
"313","0113","2017","£ per Number of items",13671.82
"314","0113","2017","Value £000's",417869
"315","0113","2017","Volume (Number of items)",247960
"316","0113","2018","£ per Number of items",11978.68
"317","0113","2018","Value £000's",440795
"318","0113","2018","Volume (Number of items)",289868
"319","0113","2019","£ per Number of items",12663.78
"320","0113","2019","Value £000's",437753
"321","0113","2019","Volume (Number of items)",300708
"322","0113","2020","£ per Number of items",12463.95
"323","0113","2020","Value £000's",334589
"324","0113","2020","Volume (Number of items)",230012
"325","0114","2008","£ per Number of items",95.55
"326","0114","2008","Value £000's",95588
"327","0114","2008","Volume (Number of items)",1000369
"328","0114","2013","Value £000's",63533
"329","0114","2014","£ per Number of items",171.29
"330","0114","2014","Value £000's",80327
"331","0114","2014","Volume (Number of items)",468951
"332","0114","2015","£ per Number of items",167.91
"333","0114","2015","Value £000's",59590
"334","0114","2015","Volume (Number of items)",354895
"335","0114","2016","£ per Number of items",170.78
"336","0114","2016","Value £000's",61335
"337","0114","2016","Volume (Number of items)",359158
"338","0114","2018","£ per Number of items",178.18
"339","0114","2018","Value £000's",92691
"340","0114","2018","Volume (Number of items)",520201
"341","0114","2019","£ per Number of items",177.5
"342","0114","2019","Value £000's",156213
"343","0114","2019","Volume (Number of items)",880052
"344","0114","2020","£ per Number of items",174.52
"345","0114","2020","Value £000's",153024
"346","0114","2020","Volume (Number of items)",876814
"347","0201","2008","£ per Kilogram",42.73
"348","0201","2008","£ per Number of items",681.07
"349","0201","2008","Value £000's",169186
"350","0201","2008","Volume (Kilogram)",378534
"351","0201","2008","Volume (Number of items)",5150244
"352","0201","2009","£ per Number of items",732.98
"353","0201","2009","Value £000's",164569
"354","0201","2009","Volume (Number of items)",5330759
"355","0201","2010","£ per Number of items",195.23
"356","0201","2010","Value £000's",148824
"357","0201","2010","Volume (Number of items)",4857809
"358","0201","2011","£ per Number of items",1895.22
"359","0201","2011","Value £000's",147307
"360","0201","2011","Volume (Number of items)",3343827
"361","0201","2012","£ per Number of items",2789.27
"362","0201","2012","Value £000's",152905
"363","0201","2012","Volume (Number of items)",3500669
"364","0201","2013","£ per Number of items",3402.16
"365","0201","2013","Value £000's",157729
"366","0201","2013","Volume (Number of items)",3824615
"367","0201","2014","£ per Kilogram",666.64
"368","0201","2014","£ per Number of items",3401.71
"369","0201","2014","Value £000's",176786
"370","0201","2014","Volume (Kilogram)",29764
"371","0201","2014","Volume (Number of items)",4141567
"372","0201","2015","£ per Kilogram",666.66
"373","0201","2015","£ per Number of items",12789.03
"374","0201","2015","Value £000's",176301
"375","0201","2015","Volume (Kilogram)",35372
"376","0201","2015","Volume (Number of items)",3971142
"377","0201","2016","£ per Kilogram",666.64
"378","0201","2016","£ per Number of items",16540.72
"379","0201","2016","Value £000's",177334
"380","0201","2016","Volume (Kilogram)",30431
"381","0201","2016","Volume (Number of items)",4112640
"382","0201","2017","£ per Number of items",17422.28
"383","0201","2017","Value £000's",160881
"384","0201","2017","Volume (Number of items)",18747094
"385","0201","2018","£ per Number of items",10047.27
"386","0201","2018","Value £000's",110160
"387","0201","2018","Volume (Number of items)",7880169
"388","0201","2019","£ per Number of items",2119.13
"389","0201","2019","Value £000's",75065
"390","0201","2019","Volume (Number of items)",888793
"391","0201","2020","£ per Number of items",1617.6
"392","0201","2020","Value £000's",57998
"393","0201","2020","Volume (Number of items)",752133
"394","0202","2008","£ per Number of items",92.58
"395","0202","2008","Value £000's",35878
"396","0202","2008","Volume (Number of items)",775092
"397","0202","2009","Value £000's",29448
"398","0202","2009","Volume (Number of items)",0
"399","0202","2010","Value £000's",29116
"400","0202","2010","Volume (Number of items)",0
"401","0202","2011","Value £000's",36934
"402","0202","2011","Volume (Number of items)",0
"403","0202","2012","Value £000's",40574
"404","0202","2012","Volume (Number of items)",0
"405","0202","2013","Value £000's",50352
"406","0202","2013","Volume (Number of items)",0
"407","0202","2014","£ per Number of items",73.22
"408","0202","2014","Value £000's",23352
"409","0202","2014","Volume (Number of items)",637786
"410","0202","2015","£ per Number of items",59.52
"411","0202","2015","Value £000's",24932
"412","0202","2015","Volume (Number of items)",837866
"413","0202","2016","£ per Number of items",123.04
"414","0202","2016","Value £000's",12396
"415","0202","2016","Volume (Number of items)",201498
"416","0202","2017","£ per Number of items",112.82
"417","0202","2017","Value £000's",11586
"418","0202","2017","Volume (Number of items)",205400
"419","0202","2018","£ per Number of items",114.2
"420","0202","2018","Value £000's",10410
"421","0202","2018","Volume (Number of items)",182324
"422","0202","2019","£ per Number of items",103.18
"423","0202","2019","Value £000's",15296
"424","0202","2019","Volume (Number of items)",296472
"425","0202","2020","£ per Number of items",95.58
"426","0202","2020","Value £000's",11084
"427","0202","2020","Volume (Number of items)",231908
"428","0203","2008","£ per Number of items",87.38
"429","0203","2008","Value £000's",100969
"430","0203","2008","Volume (Number of items)",1155495
"431","0203","2009","£ per Number of items",84.05
"432","0203","2009","Value £000's",105272
"433","0203","2009","Volume (Number of items)",1252517
"434","0203","2010","£ per Number of items",285.762514628132
"435","0203","2010","Value £000's",229393
"436","0203","2010","Volume (Number of items)",1606496
"437","0203","2011","£ per Number of items",366.41
"438","0203","2011","Value £000's",227928
"439","0203","2011","Volume (Number of items)",1267354
"440","0203","2012","£ per Number of items",364.13
"441","0203","2012","Value £000's",218531
"442","0203","2012","Volume (Number of items)",1230003
"443","0203","2013","£ per Number of items",309.52
"444","0203","2013","Value £000's",219239
"445","0203","2013","Volume (Number of items)",1532230
"446","0203","2014","£ per Number of items",295.19
"447","0203","2014","Value £000's",197859
"448","0203","2014","Volume (Number of items)",1448454
"449","0203","2015","£ per Number of items",322.75
"450","0203","2015","Value £000's",218034
"451","0203","2015","Volume (Number of items)",1454572
"452","0203","2016","£ per Number of items",309.43
"453","0203","2016","Value £000's",201242
"454","0203","2016","Volume (Number of items)",1375755
"455","0203","2017","£ per Number of items",306.44
"456","0203","2017","Value £000's",202493
"457","0203","2017","Volume (Number of items)",1406938
"458","0203","2018","£ per Number of items",136.3
"459","0203","2018","Value £000's",195644
"460","0203","2018","Volume (Number of items)",696318
"461","0203","2019","£ per Number of items",392.76
"462","0203","2019","Value £000's",193653
"463","0203","2019","Volume (Number of items)",1136251
"464","0203","2020","£ per Number of items",364.52
"465","0203","2020","Value £000's",167889
"466","0203","2020","Volume (Number of items)",1062385
"467","0204","2008","£ per Number of items",200.7
"468","0204","2008","Value £000's",59310
"469","0204","2008","Volume (Number of items)",830641
"470","0204","2012","£ per Number of items",467.84
"471","0204","2012","Value £000's",112
"472","0204","2012","Volume (Number of items)",239
"473","0204","2013","£ per Number of items",640
"474","0204","2013","Value £000's",119
"475","0204","2013","Volume (Number of items)",186
"476","0204","2014","£ per Number of items",601.69
"477","0204","2014","Value £000's",99
"478","0204","2014","Volume (Number of items)",165
"479","0204","2015","£ per Number of items",739.88
"480","0204","2015","Value £000's",173
"481","0204","2015","Volume (Number of items)",77492
"482","0204","2016","£ per Number of items",734.51
"483","0204","2016","Value £000's",215
"484","0204","2016","Volume (Number of items)",64669
"485","0204","2018","£ per Number of items",82.42
"486","0204","2018","Value £000's",201182
"487","0204","2018","Volume (Number of items)",2441035
"488","0205","2008","£ per Number of items",59.84
"489","0205","2008","Value £000's",10451
"490","0205","2008","Volume (Number of items)",174666
"491","0205","2009","Value £000's",3670
"492","0205","2009","Volume (Number of items)",0
"493","0205","2010","Value £000's",0
"494","0205","2010","Volume (Number of items)",0
"495","0205","2011","£ per Number of items",152.25
"496","0205","2011","Value £000's",2382
"497","0205","2011","Volume (Number of items)",15646
"498","0205","2012","£ per Number of items",94.28
"499","0205","2012","Value £000's",1503
"500","0205","2012","Volume (Number of items)",15942
"501","0205","2013","£ per Number of items",97.31
"502","0205","2013","Value £000's",6907
"503","0205","2013","Volume (Number of items)",14048
"504","0205","2014","£ per Number of items",66.49
"505","0205","2014","Value £000's",860
"506","0205","2014","Volume (Number of items)",12938
"507","0205","2015","£ per Number of items",101.28
"508","0205","2015","Value £000's",5912
"509","0205","2015","Volume (Number of items)",122140
"510","0205","2016","£ per Number of items",132.95
"511","0205","2016","Value £000's",7071
"512","0205","2016","Volume (Number of items)",134184
"513","0205","2017","£ per Number of items",144.95
"514","0205","2017","Value £000's",6910
"515","0205","2017","Volume (Number of items)",129231
"516","0205","2018","£ per Number of items",130.65
"517","0205","2018","Value £000's",5709
"518","0205","2018","Volume (Number of items)",100860
"519","0205","2019","£ per Number of items",78.14
"520","0205","2019","Value £000's",2802
"521","0205","2019","Volume (Number of items)",35858
"522","0205","2020","£ per Number of items",154.26
"523","0205","2020","Value £000's",6018
"524","0205","2020","Volume (Number of items)",81486
"525","0301","2008","£ per Number of items",2635.02
"526","0301","2008","Value £000's",194097
"527","0301","2008","Volume (Number of items)",313972
"528","0301","2009","£ per Number of items",2361.06
"529","0301","2009","Value £000's",196724
"530","0301","2009","Volume (Number of items)",518378
"531","0301","2010","£ per Number of items",2413.66
"532","0301","2010","Value £000's",206955
"533","0301","2010","Volume (Number of items)",929177
"534","0301","2011","£ per Number of items",292.14
"535","0301","2011","Value £000's",218168
"536","0301","2011","Volume (Number of items)",1520459
"537","0301","2012","£ per Number of items",1534.44
"538","0301","2012","Value £000's",269415
"539","0301","2012","Volume (Number of items)",1502733
"540","0301","2013","£ per Number of items",1122.74
"541","0301","2013","Value £000's",283451
"542","0301","2013","Volume (Number of items)",1679353
"543","0301","2014","£ per Number of items",1067.24
"544","0301","2014","Value £000's",287916
"545","0301","2014","Volume (Number of items)",1638467
"546","0301","2015","£ per Number of items",1042.54
"547","0301","2015","Value £000's",266641
"548","0301","2015","Volume (Number of items)",1625363
"549","0301","2016","£ per Number of items",1071.84
"550","0301","2016","Value £000's",424377
"551","0301","2016","Volume (Number of items)",1387986
"552","0301","2017","£ per Number of items",23739.72
"553","0301","2017","Value £000's",396536
"554","0301","2017","Volume (Number of items)",1487737
"555","0301","2018","£ per Number of items",26561.64
"556","0301","2018","Value £000's",447406
"557","0301","2018","Volume (Number of items)",1765717
"558","0301","2019","£ per Number of items",28364.3956617754
"559","0301","2019","Value £000's",454016
"560","0301","2019","Volume (Number of items)",1594529.82852447
"561","0301","2020","£ per Number of items",15576.011558913
"562","0301","2020","Value £000's",399449
"563","0301","2020","Volume (Number of items)",1417273.38968655
"564","0302","2008","£ per Number of items",2397.11
"565","0302","2008","Value £000's",314378
"566","0302","2008","Volume (Number of items)",440348
"567","0302","2009","£ per Number of items",2294.19
"568","0302","2009","Value £000's",303630
"569","0302","2009","Volume (Number of items)",415391
"570","0302","2010","£ per Number of items",2047.35
"571","0302","2010","Value £000's",255917
"572","0302","2010","Volume (Number of items)",401732
"573","0302","2011","£ per Number of items",1453.9
"574","0302","2011","Value £000's",189740
"575","0302","2011","Volume (Number of items)",218507
"576","0302","2012","£ per Number of items",1546.29
"577","0302","2012","Value £000's",150035
"578","0302","2012","Volume (Number of items)",195738
"579","0302","2013","£ per Number of items",2159.15
"580","0302","2013","Value £000's",187926
"581","0302","2013","Volume (Number of items)",255736
"582","0302","2014","£ per Number of items",1556.56
"583","0302","2014","Value £000's",176750
"584","0302","2014","Volume (Number of items)",225413
"585","0302","2015","£ per Number of items",1963.65
"586","0302","2015","Value £000's",312505
"587","0302","2015","Volume (Number of items)",300159
"588","0302","2016","£ per Number of items",2857.29
"589","0302","2016","Value £000's",371823
"590","0302","2016","Volume (Number of items)",404138
"591","0302","2017","£ per Number of items",2064.51
"592","0302","2017","Value £000's",164972
"593","0302","2017","Volume (Number of items)",231399
"594","0302","2018","£ per Number of items",2411.03
"595","0302","2018","Value £000's",143256
"596","0302","2018","Volume (Number of items)",162477
"597","0302","2019","£ per Number of items",4505.62
"598","0302","2019","Value £000's",127992
"599","0302","2019","Volume (Number of items)",493149
"600","0302","2020","£ per Number of items",4306.74
"601","0302","2020","Value £000's",120393
"602","0302","2020","Volume (Number of items)",466460
"603","0304","2008","£ per Number of items",174.09
"604","0304","2008","Value £000's",142259
"605","0304","2008","Volume (Number of items)",817140
"606","0304","2009","£ per Number of items",777.78
"607","0304","2009","Value £000's",180517
"608","0304","2009","Volume (Number of items)",232093
"609","0304","2010","£ per Number of items",1832.8
"610","0304","2010","Value £000's",190530
"611","0304","2010","Volume (Number of items)",103956
"612","0304","2011","£ per Number of items",2560.6
"613","0304","2011","Value £000's",192045
"614","0304","2011","Volume (Number of items)",75000
"615","0304","2012","£ per Number of items",4090.85
"616","0304","2012","Value £000's",180480
"617","0304","2012","Volume (Number of items)",44118
"618","0304","2014","£ per Number of items",1060.31
"619","0304","2014","Value £000's",82811
"620","0304","2014","Volume (Number of items)",78101
"621","0304","2015","£ per Number of items",1224.65
"622","0304","2015","Value £000's",42226
"623","0304","2015","Volume (Number of items)",34480
"624","0304","2017","£ per Number of items",692.42
"625","0304","2017","Value £000's",43616
"626","0304","2017","Volume (Number of items)",62991
"627","0304","2019","£ per Number of items",734.96
"628","0304","2019","Value £000's",90119
"629","0304","2019","Volume (Number of items)",122617
"630","0304","2020","£ per Number of items",2258.18
"631","0304","2020","Value £000's",100132
"632","0304","2020","Volume (Number of items)",132833
"633","0305","2008","£ per Number of items",2234.06
"634","0305","2008","Value £000's",330422
"635","0305","2008","Volume (Number of items)",2246396
"636","0305","2009","£ per Number of items",248.12
"637","0305","2009","Value £000's",256471
"638","0305","2009","Volume (Number of items)",1344994
"639","0305","2010","£ per Number of items",343.6
"640","0305","2010","Value £000's",195718
"641","0305","2010","Volume (Number of items)",1705892
"642","0305","2011","£ per Number of items",87.64
"643","0305","2011","Value £000's",73617
"644","0305","2011","Volume (Number of items)",1514390
"645","0305","2012","£ per Number of items",1450.91
"646","0305","2012","Value £000's",88635
"647","0305","2012","Volume (Number of items)",1479356
"648","0305","2013","£ per Number of items",101.78
"649","0305","2013","Value £000's",86936
"650","0305","2013","Volume (Number of items)",1708436
"651","0305","2014","£ per Number of items",106.2
"652","0305","2014","Value £000's",99074
"653","0305","2014","Volume (Number of items)",1865652
"654","0305","2015","£ per Number of items",467.78
"655","0305","2015","Value £000's",104624
"656","0305","2015","Volume (Number of items)",1597522
"657","0305","2016","£ per Number of items",432.92
"658","0305","2016","Value £000's",93418
"659","0305","2016","Volume (Number of items)",1592431
"660","0305","2017","£ per Number of items",398.91
"661","0305","2017","Value £000's",77655
"662","0305","2017","Volume (Number of items)",1615009
"663","0305","2018","£ per Number of items",358.28
"664","0305","2018","Value £000's",168927
"665","0305","2018","Volume (Number of items)",2779362
"666","0305","2019","£ per Number of items",356.06
"667","0305","2019","Value £000's",106636
"668","0305","2019","Volume (Number of items)",1644096
"669","0305","2020","£ per Number of items",415.49
"670","0305","2020","Value £000's",107789
"671","0305","2020","Volume (Number of items)",1763791
"672","0306","2008","£ per Number of items",246.24
"673","0306","2008","Value £000's",61668
"674","0306","2008","Volume (Number of items)",250442
"675","0306","2009","£ per Number of items",303.86
"676","0306","2009","Value £000's",27955
"677","0306","2009","Volume (Number of items)",91999
"678","0306","2010","£ per Number of items",651.94
"679","0306","2010","Value £000's",26108
"680","0306","2010","Volume (Number of items)",40047
"681","0306","2011","£ per Number of items",652.03
"682","0306","2011","Value £000's",24582
"683","0306","2011","Volume (Number of items)",37700
"684","0306","2012","£ per Number of items",652
"685","0306","2012","Value £000's",30943
"686","0306","2012","Volume (Number of items)",47459
"687","0306","2013","£ per Number of items",652.02
"688","0306","2013","Value £000's",28261
"689","0306","2013","Volume (Number of items)",43343
"690","0306","2014","Value £000's",14905
"691","0306","2015","£ per Number of items",470.3
"692","0306","2015","Value £000's",17810
"693","0306","2015","Volume (Number of items)",37869
"694","0306","2016","£ per Number of items",448.24
"695","0306","2016","Value £000's",9687
"696","0306","2016","Volume (Number of items)",21611
"697","0306","2017","Value £000's",7872
"698","0306","2018","£ per Number of items",301.19
"699","0306","2018","Value £000's",9814
"700","0306","2018","Volume (Number of items)",32582
"701","0306","2019","Value £000's",10034
"702","0306","2020","Value £000's",9114
"703","0307","2016","£ per Number of items",14232.88
"704","0307","2016","Value £000's",154668
"705","0307","2016","Volume (Number of items)",5314
"706","0307","2017","£ per Number of items",30775.9
"707","0307","2017","Value £000's",159892
"708","0307","2017","Volume (Number of items)",20936
"709","0307","2018","£ per Number of items",31621.78
"710","0307","2018","Value £000's",165982
"711","0307","2018","Volume (Number of items)",20280
"712","0307","2019","£ per Number of items",31920.3437745169
"713","0307","2019","Value £000's",166054
"714","0307","2019","Volume (Number of items)",19403.2190163164
"715","0307","2020","£ per Number of items",25070.2343726087
"716","0307","2020","Value £000's",140050
"717","0307","2020","Volume (Number of items)",25307.593124368
"718","0308","2016","£ per Number of items",2755.36
"719","0308","2016","Value £000's",24305
"720","0308","2016","Volume (Number of items)",8821
"721","0308","2017","£ per Number of items",3098.52
"722","0308","2017","Value £000's",25799
"723","0308","2017","Volume (Number of items)",8326
"724","0308","2018","£ per Number of items",1959.43
"725","0308","2018","Value £000's",19588
"726","0308","2018","Volume (Number of items)",9997
"727","0308","2019","£ per Number of items",1498.18
"728","0308","2019","Value £000's",25586
"729","0308","2019","Volume (Number of items)",17078
"730","0308","2020","£ per Number of items",1420.8
"731","0308","2020","Value £000's",15993
"732","0308","2020","Volume (Number of items)",11257
"733","0309","2008","Value £000's",25163
"734","0309","2009","Value £000's",47714
"735","0309","2010","£ per Kilogram",51.63
"736","0309","2010","Value £000's",72599
"737","0309","2010","Volume (Kilogram)",627850
"738","0309","2011","£ per Kilogram",52.86
"739","0309","2011","Value £000's",78816
"740","0309","2011","Volume (Kilogram)",582940
"741","0309","2012","£ per Kilogram",70.25
"742","0309","2012","Value £000's",75764
"743","0309","2012","Volume (Kilogram)",464087
"744","0309","2013","£ per Kilogram",42850.46
"745","0309","2013","Value £000's",81996
"746","0309","2013","Volume (Kilogram)",549896
"747","0309","2014","£ per Kilogram",73.43
"748","0309","2014","Value £000's",73291
"749","0309","2014","Volume (Kilogram)",550082
"750","0309","2015","£ per Kilogram",64.52
"751","0309","2015","Value £000's",73984
"752","0309","2015","Volume (Kilogram)",588845
"753","0309","2016","£ per Kilogram",70.78
"754","0309","2016","£ per Number of items",2755.36
"755","0309","2016","Value £000's",93143
"756","0309","2016","Volume (Kilogram)",522083
"757","0309","2016","Volume (Number of items)",8821
"758","0309","2017","£ per Kilogram",80.49
"759","0309","2017","£ per Number of items",3098.52
"760","0309","2017","Value £000's",112624
"761","0309","2017","Volume (Kilogram)",470709
"762","0309","2017","Volume (Number of items)",8326
"763","0309","2018","£ per Kilogram",5193.46
"764","0309","2018","£ per Number of items",1959.43
"765","0309","2018","Value £000's",93493
"766","0309","2018","Volume (Kilogram)",449907
"767","0309","2018","Volume (Number of items)",9997
"768","0309","2019","£ per Kilogram",5181.28
"769","0309","2019","£ per Number of items",1498.18
"770","0309","2019","Value £000's",112305
"771","0309","2019","Volume (Kilogram)",552171
"772","0309","2019","Volume (Number of items)",17078
"773","0309","2020","£ per Kilogram",845.71
"774","0309","2020","£ per Number of items",1420.8
"775","0309","2020","Value £000's",88389
"776","0309","2020","Volume (Kilogram)",560821
"777","0309","2020","Volume (Number of items)",11257
"778","0401","2008","£ per Number of items",80.51
"779","0401","2008","Value £000's",68688
"780","0401","2008","Volume (Number of items)",1218899
"781","0401","2009","£ per Number of items",12.59
"782","0401","2009","Value £000's",74688
"783","0401","2009","Volume (Number of items)",252160
"784","0401","2010","£ per Number of items",118.6
"785","0401","2010","Value £000's",95935
"786","0401","2010","Volume (Number of items)",768831
"787","0401","2011","£ per Number of items",114.14
"788","0401","2011","Value £000's",57530
"789","0401","2011","Volume (Number of items)",403819
"790","0401","2012","£ per Number of items",166
"791","0401","2012","Value £000's",40992
"792","0401","2012","Volume (Number of items)",178746
"793","0401","2013","£ per Number of items",448.16
"794","0401","2013","Value £000's",46499
"795","0401","2013","Volume (Number of items)",68358
"796","0401","2014","£ per Number of items",426.81
"797","0401","2014","Value £000's",46028
"798","0401","2014","Volume (Number of items)",72626
"799","0401","2015","£ per Number of items",396.3
"800","0401","2015","Value £000's",48540
"801","0401","2015","Volume (Number of items)",84822
"802","0401","2016","Value £000's",18401
"803","0401","2017","£ per Number of items",150.68
"804","0401","2017","Value £000's",41591
"805","0401","2017","Volume (Number of items)",4654666
"806","0401","2018","£ per Number of items",151.56
"807","0401","2018","Value £000's",38505
"808","0401","2018","Volume (Number of items)",4240572
"809","0401","2019","£ per Number of items",157.3
"810","0401","2019","Value £000's",87567
"811","0401","2019","Volume (Number of items)",12668237
"812","0401","2020","£ per Number of items",154.33
"813","0401","2020","Value £000's",29754
"814","0401","2020","Volume (Number of items)",125572
"815","0402","2008","Value £000's",176964
"816","0402","2010","£ per Number of items",1358.28
"817","0402","2010","Value £000's",26868
"818","0402","2010","Volume (Number of items)",118692
"819","0402","2011","£ per Number of items",956.16
"820","0402","2011","Value £000's",24222
"821","0402","2011","Volume (Number of items)",151986
"822","0402","2012","£ per Number of items",935.52
"823","0402","2012","Value £000's",25686
"824","0402","2012","Volume (Number of items)",164760
"825","0402","2013","£ per Number of items",1039.14
"826","0402","2013","Value £000's",32298
"827","0402","2013","Volume (Number of items)",186480
"828","0402","2016","Value £000's",14424
"829","0403","2008","£ per Number of items",8709.78
"830","0403","2008","Value £000's",543320
"831","0403","2008","Volume (Number of items)",789933
"832","0403","2009","£ per Number of items",5636.84
"833","0403","2009","Value £000's",628973
"834","0403","2009","Volume (Number of items)",1320269
"835","0403","2010","£ per Number of items",10519.61
"836","0403","2010","Value £000's",672520
"837","0403","2010","Volume (Number of items)",717070
"838","0403","2011","£ per Number of items",12523.16
"839","0403","2011","Value £000's",570582
"840","0403","2011","Volume (Number of items)",831474
"841","0403","2012","£ per Number of items",5369.21
"842","0403","2012","Value £000's",470482
"843","0403","2012","Volume (Number of items)",1114050
"844","0403","2013","£ per Number of items",5471.74
"845","0403","2013","Value £000's",468911
"846","0403","2013","Volume (Number of items)",945397
"847","0403","2014","£ per Number of items",8907.13
"848","0403","2014","Value £000's",393028
"849","0403","2014","Volume (Number of items)",829470
"850","0403","2015","£ per Number of items",4878.96
"851","0403","2015","Value £000's",438472
"852","0403","2015","Volume (Number of items)",1146648
"853","0403","2016","£ per Number of items",40289.83
"854","0403","2016","Value £000's",559608
"855","0403","2016","Volume (Number of items)",1155786
"856","0403","2017","£ per Number of items",52485.41
"857","0403","2017","Value £000's",644094
"858","0403","2017","Volume (Number of items)",1202476
"859","0403","2018","£ per Number of items",58937.27
"860","0403","2018","Value £000's",637104
"861","0403","2018","Volume (Number of items)",1101744
"862","0403","2019","£ per Number of items",51712.8918872585
"863","0403","2019","Value £000's",613095
"864","0403","2019","Volume (Number of items)",1073817.60950816
"865","0403","2020","£ per Number of items",52554.7371863043
"866","0403","2020","Value £000's",635539
"867","0403","2020","Volume (Number of items)",1141928.79656218
"868","0404","2008","£ per Number of items",7347.61
"869","0404","2008","Value £000's",1572021
"870","0404","2008","Volume (Number of items)",177662
"871","0404","2009","£ per Number of items",7778.58
"872","0404","2009","Value £000's",274904
"873","0404","2009","Volume (Number of items)",120494
"874","0404","2010","£ per Number of items",7408.64
"875","0404","2010","Value £000's",243874
"876","0404","2010","Volume (Number of items)",136029
"877","0404","2011","£ per Number of items",5837.16
"878","0404","2011","Value £000's",300342
"879","0404","2011","Volume (Number of items)",195244
"880","0404","2012","£ per Number of items",5349.71
"881","0404","2012","Value £000's",222823
"882","0404","2012","Volume (Number of items)",168090
"883","0404","2013","£ per Number of items",3880.55
"884","0404","2013","Value £000's",178033
"885","0404","2013","Volume (Number of items)",192595
"886","0404","2014","£ per Number of items",5270.17
"887","0404","2014","Value £000's",159791
"888","0404","2014","Volume (Number of items)",184994
"889","0404","2015","£ per Number of items",19384.1
"890","0404","2015","Value £000's",178423
"891","0404","2015","Volume (Number of items)",149191
"892","0404","2016","£ per Number of items",53475.95
"893","0404","2016","Value £000's",699816
"894","0404","2016","Volume (Number of items)",184951
"895","0404","2017","£ per Number of items",57420.07
"896","0404","2017","Value £000's",662923
"897","0404","2017","Volume (Number of items)",158774
"898","0404","2018","£ per Number of items",34558.39
"899","0404","2018","Value £000's",695899
"900","0404","2018","Volume (Number of items)",210580
"901","0404","2019","£ per Number of items",53018.14
"902","0404","2019","Value £000's",756166
"903","0404","2019","Volume (Number of items)",205351
"904","0404","2020","£ per Number of items",51598.63
"905","0404","2020","Value £000's",652471
"906","0404","2020","Volume (Number of items)",157837
"907","0405","2008","£ per Number of items",33.42
"908","0405","2008","Value £000's",13074
"909","0405","2008","Volume (Number of items)",391212
"910","0405","2009","£ per Number of items",49.58
"911","0405","2009","Value £000's",15246
"912","0405","2009","Volume (Number of items)",307513
"913","0405","2010","£ per Number of items",321.27
"914","0405","2010","Value £000's",70674
"915","0405","2010","Volume (Number of items)",406449
"916","0405","2011","£ per Number of items",658.38
"917","0405","2011","Value £000's",49174
"918","0405","2011","Volume (Number of items)",233501
"919","0405","2012","£ per Number of items",316.78
"920","0405","2012","Value £000's",70021
"921","0405","2012","Volume (Number of items)",399796
"922","0405","2013","£ per Number of items",326.33
"923","0405","2013","Value £000's",70895
"924","0405","2013","Volume (Number of items)",378455
"925","0405","2014","£ per Number of items",407.22
"926","0405","2014","Value £000's",102260
"927","0405","2014","Volume (Number of items)",428722
"928","0405","2015","£ per Number of items",424.36
"929","0405","2015","Value £000's",87831
"930","0405","2015","Volume (Number of items)",349755
"931","0405","2016","£ per Number of items",396.79
"932","0405","2016","Value £000's",93013
"933","0405","2016","Volume (Number of items)",401816
"934","0405","2017","£ per Number of items",528.33
"935","0405","2017","Value £000's",122106
"936","0405","2017","Volume (Number of items)",369888
"937","0405","2018","£ per Number of items",501.77
"938","0405","2018","Value £000's",101485
"939","0405","2018","Volume (Number of items)",348882
"940","0405","2019","£ per Number of items",684.22
"941","0405","2019","Value £000's",108398
"942","0405","2019","Volume (Number of items)",303904
"943","0405","2020","£ per Number of items",571.48
"944","0405","2020","Value £000's",122503
"945","0405","2020","Volume (Number of items)",379984
"946","0407","2008","Value £000's",616161
"947","0407","2014","£ per Number of items",576.92
"948","0407","2014","Value £000's",316
"949","0407","2014","Volume (Number of items)",548
"950","0407","2015","£ per Number of items",570.18
"951","0407","2015","Value £000's",346
"952","0407","2015","Volume (Number of items)",606
"953","0407","2016","£ per Number of items",570
"954","0407","2016","Value £000's",302
"955","0407","2016","Volume (Number of items)",530
"956","0407","2017","£ per Number of items",555.56
"957","0407","2017","Value £000's",157
"958","0407","2017","Volume (Number of items)",283
"959","0407","2018","£ per Number of items",533.33
"960","0407","2018","Value £000's",50
"961","0407","2018","Volume (Number of items)",94
"962","0407","2019","£ per Number of items",541.67
"963","0407","2019","Value £000's",68
"964","0407","2019","Volume (Number of items)",125
"965","0407","2020","Value £000's",0
"966","0407","2020","Volume (Number of items)",0
"967","0408","2008","Value £000's",3080805
"968","0408","2008","Volume (Number of items)",0
"969","0408","2009","Value £000's",0
"970","0408","2009","Volume (Number of items)",0
"971","0408","2010","Value £000's",0
"972","0408","2010","Volume (Number of items)",0
"973","0408","2011","Value £000's",0
"974","0408","2011","Volume (Number of items)",0
"975","0408","2012","Value £000's",0
"976","0408","2012","Volume (Number of items)",0
"977","0408","2013","Value £000's",0
"978","0408","2013","Volume (Number of items)",0
"979","0408","2014","£ per Number of items",2884.6
"980","0408","2014","Value £000's",1580
"981","0408","2014","Volume (Number of items)",2740
"982","0408","2015","£ per Number of items",2850.9
"983","0408","2015","Value £000's",1730
"984","0408","2015","Volume (Number of items)",3030
"985","0408","2016","£ per Number of items",2850
"986","0408","2016","Value £000's",1510
"987","0408","2016","Volume (Number of items)",2650
"988","0408","2017","£ per Number of items",2777.8
"989","0408","2017","Value £000's",785
"990","0408","2017","Volume (Number of items)",1415
"991","0408","2018","£ per Number of items",2666.65
"992","0408","2018","Value £000's",250
"993","0408","2018","Volume (Number of items)",470
"994","0408","2019","£ per Number of items",2708.35
"995","0408","2019","Value £000's",340
"996","0408","2019","Volume (Number of items)",625
"997","0408","2020","Value £000's",0
"998","0408","2020","Volume (Number of items)",0
"999","0501","2009","£ per Number of items",62.22
"1000","0501","2009","Value £000's",6264
"1001","0501","2009","Volume (Number of items)",100668
"1002","0501","2010","£ per Number of items",61.83
"1003","0501","2010","Value £000's",7742
"1004","0501","2010","Volume (Number of items)",125209
"1005","0501","2011","£ per Number of items",61.45
"1006","0501","2011","Value £000's",10934
"1007","0501","2011","Volume (Number of items)",177922
"1008","0501","2012","Value £000's",11832
"1009","0501","2013","Value £000's",11254
"1010","0501","2014","£ per Number of items",118.71
"1011","0501","2014","Value £000's",11660
"1012","0501","2014","Volume (Number of items)",98220
"1013","0501","2015","£ per Number of items",141.12
"1014","0501","2015","Value £000's",11304
"1015","0501","2015","Volume (Number of items)",80103
"1016","0501","2016","£ per Number of items",137.24
"1017","0501","2016","Value £000's",9932
"1018","0501","2016","Volume (Number of items)",72371
"1019","0501","2017","£ per Number of items",148.47
"1020","0501","2017","Value £000's",10000
"1021","0501","2017","Volume (Number of items)",67355
"1022","0501","2018","£ per Number of items",161.55
"1023","0501","2018","Value £000's",13577
"1024","0501","2018","Volume (Number of items)",84039
"1025","0501","2019","£ per Number of items",175.5
"1026","0501","2019","Value £000's",14195
"1027","0501","2019","Volume (Number of items)",80882
"1028","0501","2020","£ per Number of items",74.55
"1029","0501","2020","Value £000's",11939
"1030","0501","2020","Volume (Number of items)",160150
"1031","0503","2008","£ per Number of items",59.72
"1032","0503","2008","Value £000's",38776
"1033","0503","2008","Volume (Number of items)",1298614
"1034","0503","2009","£ per Number of items",120.34
"1035","0503","2009","Value £000's",41188
"1036","0503","2009","Volume (Number of items)",684522
"1037","0503","2010","£ per Number of items",108.36
"1038","0503","2010","Value £000's",80820
"1039","0503","2010","Volume (Number of items)",1491720
"1040","0503","2011","£ per Number of items",111.02
"1041","0503","2011","Value £000's",77506
"1042","0503","2011","Volume (Number of items)",1396326
"1043","0503","2012","£ per Number of items",134.7
"1044","0503","2012","Value £000's",73748
"1045","0503","2012","Volume (Number of items)",1094994
"1046","0503","2013","£ per Number of items",161.18
"1047","0503","2013","Value £000's",68066
"1048","0503","2013","Volume (Number of items)",844628
"1049","0503","2014","£ per Number of items",139.44
"1050","0503","2014","Value £000's",72506
"1051","0503","2014","Volume (Number of items)",1040020
"1052","0503","2015","£ per Number of items",141.02
"1053","0503","2015","Value £000's",57900
"1054","0503","2015","Volume (Number of items)",821202
"1055","0503","2016","£ per Number of items",144.58
"1056","0503","2016","Value £000's",55330
"1057","0503","2016","Volume (Number of items)",765422
"1058","0503","2017","£ per Number of items",148.24
"1059","0503","2017","Value £000's",75750
"1060","0503","2017","Volume (Number of items)",1021960
"1061","0503","2018","£ per Number of items",144.62
"1062","0503","2018","Value £000's",79558
"1063","0503","2018","Volume (Number of items)",1100228
"1064","0503","2019","£ per Number of items",156.06
"1065","0503","2019","Value £000's",102516
"1066","0503","2019","Volume (Number of items)",1313798
"1067","0503","2020","£ per Number of items",82.56
"1068","0503","2020","Value £000's",87570
"1069","0503","2020","Volume (Number of items)",2121600
"1070","0504","2008","£ per Number of items",21.56
"1071","0504","2008","Value £000's",89759
"1072","0504","2008","Volume (Number of items)",26199453
"1073","0504","2009","Value £000's",8943
"1074","0504","2010","£ per Number of items",50.5
"1075","0504","2010","Value £000's",136199
"1076","0504","2010","Volume (Number of items)",22135873
"1077","0504","2011","£ per Number of items",40.19
"1078","0504","2011","Value £000's",117705
"1079","0504","2011","Volume (Number of items)",21330342
"1080","0504","2012","£ per Number of items",45.39
"1081","0504","2012","Value £000's",95800
"1082","0504","2012","Volume (Number of items)",16071119
"1083","0504","2013","£ per Number of items",50.32
"1084","0504","2013","Value £000's",91872
"1085","0504","2013","Volume (Number of items)",7557742
"1086","0504","2014","Value £000's",108420
"1087","0504","2015","£ per Number of items",67.08
"1088","0504","2015","Value £000's",72618
"1089","0504","2015","Volume (Number of items)",7669039
"1090","0504","2016","£ per Number of items",38.88
"1091","0504","2016","Value £000's",17664
"1092","0504","2016","Volume (Number of items)",1817136
"1093","0504","2017","£ per Number of items",85.6
"1094","0504","2017","Value £000's",5015
"1095","0504","2017","Volume (Number of items)",259627
"1096","0504","2018","Value £000's",0
"1097","0504","2018","Volume (Number of items)",227860
"1098","0504","2019","Value £000's",0
"1099","0504","2019","Volume (Number of items)",0
"1100","0504","2020","£ per Number of items",40.12
"1101","0504","2020","Value £000's",1916
"1102","0504","2020","Volume (Number of items)",190940
"1103","0506","2008","Value £000's",0
"1104","0506","2008","Volume (Number of items)",0
"1105","0506","2009","Value £000's",0
"1106","0506","2009","Volume (Number of items)",0
"1107","0506","2010","Value £000's",0
"1108","0506","2010","Volume (Number of items)",0
"1109","0506","2018","£ per Number of items",63.41
"1110","0506","2018","Value £000's",842
"1111","0506","2018","Volume (Number of items)",13274
"1112","0601","2008","£ per Number of items",94524.48
"1113","0601","2008","Value £000's",41351
"1114","0601","2008","Volume (Number of items)",282909
"1115","0601","2009","£ per Number of items",13034.1
"1116","0601","2009","Value £000's",28853
"1117","0601","2009","Volume (Number of items)",173276
"1118","0601","2010","£ per Number of items",226.91
"1119","0601","2010","Value £000's",28972
"1120","0601","2010","Volume (Number of items)",156129
"1121","0601","2011","£ per Number of items",279285.22
"1122","0601","2011","Value £000's",38481
"1123","0601","2011","Volume (Number of items)",130760
"1124","0601","2012","£ per Number of items",125181.37
"1125","0601","2012","Value £000's",43668
"1126","0601","2012","Volume (Number of items)",88299
"1127","0601","2013","£ per Number of items",421124.33
"1128","0601","2013","Value £000's",48902
"1129","0601","2013","Volume (Number of items)",76017
"1130","0601","2014","£ per Number of items",127790.97
"1131","0601","2014","Value £000's",62308
"1132","0601","2014","Volume (Number of items)",769812
"1133","0601","2015","£ per Number of items",193265.44
"1134","0601","2015","Value £000's",40841
"1135","0601","2015","Volume (Number of items)",20380
"1136","0601","2016","£ per Number of items",27803.14
"1137","0601","2016","Value £000's",49736
"1138","0601","2016","Volume (Number of items)",75973
"1139","0601","2017","£ per Number of items",98777.4
"1140","0601","2017","Value £000's",34940
"1141","0601","2017","Volume (Number of items)",28842
"1142","0601","2018","£ per Number of items",111256.47
"1143","0601","2018","Value £000's",49231
"1144","0601","2018","Volume (Number of items)",21260
"1145","0601","2019","Value £000's",33207
"1146","0601","2019","Volume (Number of items)",20
"1147","0601","2020","£ per Number of items",9511.33
"1148","0601","2020","Value £000's",33605
"1149","0601","2020","Volume (Number of items)",440468
"1150","0602","2008","£ per Number of items",11302.53
"1151","0602","2008","Value £000's",205560
"1152","0602","2008","Volume (Number of items)",217341
"1153","0602","2009","£ per Number of items",8394.36
"1154","0602","2009","Value £000's",163749
"1155","0602","2009","Volume (Number of items)",3300195
"1156","0602","2010","£ per Number of items",8373.9
"1157","0602","2010","Value £000's",177672
"1158","0602","2010","Volume (Number of items)",249636
"1159","0602","2011","£ per Number of items",3942.66
"1160","0602","2011","Value £000's",213864
"1161","0602","2011","Volume (Number of items)",123531
"1162","0602","2012","£ per Number of items",2030.37
"1163","0602","2012","Value £000's",358211
"1164","0602","2012","Volume (Number of items)",139836
"1165","0602","2013","£ per Number of items",1924.17
"1166","0602","2013","Value £000's",92613
"1167","0602","2013","Volume (Number of items)",144396
"1168","0602","2014","£ per Number of items",2194.89
"1169","0602","2014","Value £000's",330307
"1170","0602","2014","Volume (Number of items)",128676
"1171","0602","2015","£ per Number of items",2432.16
"1172","0602","2015","Value £000's",448034
"1173","0602","2015","Volume (Number of items)",130341
"1174","0602","2016","£ per Number of items",48479.07
"1175","0602","2016","Value £000's",535601
"1176","0602","2016","Volume (Number of items)",83481
"1177","0602","2017","£ per Number of items",4470.08
"1178","0602","2017","Value £000's",488544
"1179","0602","2017","Volume (Number of items)",2132098
"1180","0602","2018","£ per Number of items",342.44
"1181","0602","2018","Value £000's",546566
"1182","0602","2018","Volume (Number of items)",2163490
"1183","0602","2019","Value £000's",173733
"1184","0602","2019","Volume (Number of items)",0
"1185","0602","2020","£ per Number of items",7749.33
"1186","0602","2020","Value £000's",161406
"1187","0602","2020","Volume (Number of items)",25779
"1188","0701","2008","£ per Number of items",15.2820707086952
"1189","0701","2008","Value £000's",55291
"1190","0701","2008","Volume (Number of items)",29028588
"1191","0701","2009","£ per Number of items",13.16
"1192","0701","2009","Value £000's",51758
"1193","0701","2009","Volume (Number of items)",41289644
"1194","0701","2010","£ per Number of items",10.04
"1195","0701","2010","Value £000's",67152
"1196","0701","2010","Volume (Number of items)",53187206
"1197","0701","2011","£ per Kilogram",14.32
"1198","0701","2011","£ per Number of items",8.46
"1199","0701","2011","Value £000's",156930
"1200","0701","2011","Volume (Kilogram)",6825868
"1201","0701","2011","Volume (Number of items)",4579208
"1202","0701","2012","£ per Kilogram",718.93
"1203","0701","2012","£ per Number of items",6057.82
"1204","0701","2012","Value £000's",192823
"1205","0701","2012","Volume (Kilogram)",161831
"1206","0701","2012","Volume (Number of items)",4253000
"1207","0701","2013","£ per Number of items",8672
"1208","0701","2013","Value £000's",118457
"1209","0701","2013","Volume (Number of items)",3553794
"1210","0701","2014","£ per Number of items",203.85
"1211","0701","2014","Value £000's",94369
"1212","0701","2014","Volume (Number of items)",3608220
"1213","0701","2015","£ per Number of items",4260.09
"1214","0701","2015","Value £000's",84007
"1215","0701","2015","Volume (Number of items)",5609569
"1216","0701","2016","£ per Number of items",205.71
"1217","0701","2016","Value £000's",808952
"1218","0701","2016","Volume (Number of items)",5555484
"1219","0701","2017","£ per Number of items",11129.71
"1220","0701","2017","Value £000's",116999
"1221","0701","2017","Volume (Number of items)",7001513
"1222","0701","2018","£ per Kilogram",113.69
"1223","0701","2018","£ per Number of items",11957.55
"1224","0701","2018","Value £000's",183523
"1225","0701","2018","Volume (Kilogram)",246111
"1226","0701","2018","Volume (Number of items)",8416283
"1227","0701","2019","£ per Kilogram",112.26
"1228","0701","2019","£ per Number of items",10287.32
"1229","0701","2019","Value £000's",1628608
"1230","0701","2019","Volume (Kilogram)",261406
"1231","0701","2019","Volume (Number of items)",10799972
"1232","0701","2020","£ per Kilogram",112.26
"1233","0701","2020","£ per Number of items",13653.54
"1234","0701","2020","Value £000's",1874733
"1235","0701","2020","Volume (Kilogram)",204829
"1236","0701","2020","Volume (Number of items)",12068716
"1237","0703","2008","Value £000's",0
"1238","0703","2008","Volume (Number of items)",0
"1239","0703","2009","Value £000's",0
"1240","0703","2009","Volume (Number of items)",0
"1241","0703","2010","Value £000's",0
"1242","0703","2010","Volume (Number of items)",0
"1243","0703","2011","Value £000's",1998
"1244","0801","2008","£ per Number of items",95.75
"1245","0801","2008","Value £000's",92078
"1246","0801","2008","Volume (Number of items)",961675
"1247","0801","2009","£ per Number of items",96.25
"1248","0801","2009","Value £000's",76559
"1249","0801","2009","Volume (Number of items)",795409
"1250","0801","2010","£ per Number of items",94.36
"1251","0801","2010","Value £000's",74082
"1252","0801","2010","Volume (Number of items)",785122
"1253","0801","2011","£ per Number of items",84.61
"1254","0801","2011","Value £000's",78823
"1255","0801","2011","Volume (Number of items)",931621
"1256","0801","2012","£ per Number of items",82.76
"1257","0801","2012","Value £000's",78914
"1258","0801","2012","Volume (Number of items)",953490
"1259","0801","2013","£ per Number of items",88.48
"1260","0801","2013","Value £000's",67683
"1261","0801","2013","Volume (Number of items)",764957
"1262","0801","2014","£ per Number of items",88.44
"1263","0801","2014","Value £000's",68760
"1264","0801","2014","Volume (Number of items)",777503
"1265","0801","2015","£ per Number of items",90.36
"1266","0801","2015","Value £000's",65090
"1267","0801","2015","Volume (Number of items)",720335
"1268","0801","2016","£ per Number of items",84.42
"1269","0801","2016","Value £000's",17158
"1270","0801","2016","Volume (Number of items)",203252
"1271","0801","2017","£ per Number of items",88
"1272","0801","2017","Value £000's",16106
"1273","0801","2017","Volume (Number of items)",183014
"1274","0801","2018","£ per Number of items",80.5
"1275","0801","2018","Value £000's",13878
"1276","0801","2018","Volume (Number of items)",172403
"1277","0801","2020","£ per Number of items",86.09
"1278","0801","2020","Value £000's",14226
"1279","0801","2020","Volume (Number of items)",165247
"1280","0802","2008","£ per Number of items",2267.6
"1281","0802","2008","Value £000's",1635055
"1282","0802","2008","Volume (Number of items)",3605270
"1283","0802","2009","Value £000's",1564945
"1284","0802","2009","Volume (Number of items)",0
"1285","0802","2010","Value £000's",1802575
"1286","0802","2010","Volume (Number of items)",0
"1287","0802","2011","Value £000's",1764835
"1288","0802","2011","Volume (Number of items)",0
"1289","0802","2012","Value £000's",1945640
"1290","0802","2012","Volume (Number of items)",0
"1291","0802","2013","£ per Number of items",1038.5
"1292","0802","2013","Value £000's",3030050
"1293","0802","2013","Volume (Number of items)",14588585
"1294","0802","2014","£ per Number of items",1024.85
"1295","0802","2014","Value £000's",3077745
"1296","0802","2014","Volume (Number of items)",15015515
"1297","0802","2015","£ per Number of items",1011.5
"1298","0802","2015","Value £000's",3178345
"1299","0802","2015","Volume (Number of items)",15710860
"1300","0802","2016","£ per Number of items",980.9
"1301","0802","2016","Value £000's",3262574
"1302","0802","2016","Volume (Number of items)",16629955
"1303","0802","2017","£ per Number of items",982.85
"1304","0802","2017","Value £000's",3547180
"1305","0802","2017","Volume (Number of items)",18045325
"1306","0802","2018","£ per Number of items",1007.75
"1307","0802","2018","Value £000's",5617145
"1308","0802","2018","Volume (Number of items)",27869525
"1309","0802","2019","£ per Number of items",940.9
"1310","0802","2019","Value £000's",6223825
"1311","0802","2019","Volume (Number of items)",33073490
"1312","0802","2020","£ per Number of items",605.35
"1313","0802","2020","Value £000's",2577940
"1314","0802","2020","Volume (Number of items)",21292490
"1315","0901","2008","£ per Number of items",3058.93
"1316","0901","2008","Value £000's",5935967
"1317","0901","2008","Volume (Number of items)",54834446
"1318","0901","2009","£ per Kilogram",70.52
"1319","0901","2009","£ per Number of items",8875.37735337674
"1320","0901","2009","Value £000's",6004664
"1321","0901","2009","Volume (Kilogram)",7261520
"1322","0901","2009","Volume (Number of items)",54981047
"1323","0901","2010","£ per Kilogram",74.94
"1324","0901","2010","£ per Number of items",8991.87390653621
"1325","0901","2010","Value £000's",6770650
"1326","0901","2010","Volume (Kilogram)",6304846
"1327","0901","2010","Volume (Number of items)",52406563
"1328","0901","2011","£ per Kilogram",85.4
"1329","0901","2011","£ per Number of items",8911.67719719313
"1330","0901","2011","Value £000's",7552987
"1331","0901","2011","Volume (Kilogram)",4962804
"1332","0901","2011","Volume (Number of items)",149831368
"1333","0901","2012","£ per Kilogram",86.96
"1334","0901","2012","£ per Number of items",8412.61579909527
"1335","0901","2012","Value £000's",7916188
"1336","0901","2012","Volume (Kilogram)",4077612
"1337","0901","2012","Volume (Number of items)",159280753
"1338","0901","2013","£ per Kilogram",82.64
"1339","0901","2013","£ per Number of items",8625.84858219821
"1340","0901","2013","Value £000's",8186964
"1341","0901","2013","Volume (Kilogram)",3375802
"1342","0901","2013","Volume (Number of items)",199670581
"1343","0901","2014","£ per Kilogram",103.74
"1344","0901","2014","£ per Number of items",9155.4244658906
"1345","0901","2014","Value £000's",7787759
"1346","0901","2014","Volume (Kilogram)",2939196
"1347","0901","2014","Volume (Number of items)",189890217
"1348","0901","2015","£ per Kilogram",99.84
"1349","0901","2015","£ per Number of items",9990.77094343434
"1350","0901","2015","Value £000's",7893417
"1351","0901","2015","Volume (Kilogram)",3306418
"1352","0901","2015","Volume (Number of items)",244738367
"1353","0901","2016","£ per Kilogram",101.56
"1354","0901","2016","£ per Number of items",10223.655562269
"1355","0901","2016","Value £000's",7733564
"1356","0901","2016","Volume (Kilogram)",2240772
"1357","0901","2016","Volume (Number of items)",236812907
"1358","0901","2017","£ per Kilogram",120.76
"1359","0901","2017","£ per Number of items",11304.45
"1360","0901","2017","Value £000's",8419269
"1361","0901","2017","Volume (Kilogram)",1936032
"1362","0901","2017","Volume (Number of items)",149150192
"1363","0901","2018","£ per Kilogram",121.18
"1364","0901","2018","£ per Number of items",14941.21
"1365","0901","2018","Value £000's",8166947
"1366","0901","2018","Volume (Kilogram)",2043656
"1367","0901","2018","Volume (Number of items)",150751957
"1368","0901","2019","£ per Kilogram",119.96
"1369","0901","2019","£ per Number of items",12094.14
"1370","0901","2019","Value £000's",8701254
"1371","0901","2019","Volume (Kilogram)",2175912
"1372","0901","2019","Volume (Number of items)",177544445
"1373","0901","2020","£ per Kilogram",120.62
"1374","0901","2020","£ per Number of items",15368.21
"1375","0901","2020","Value £000's",7366061
"1376","0901","2020","Volume (Kilogram)",2520544
"1377","0901","2020","Volume (Number of items)",150440021
"1378","0902","2008","Value £000's",0
"1379","0902","2008","Volume (Number of items)",0
"1380","0902","2009","Value £000's",0
"1381","0902","2009","Volume (Number of items)",0
"1382","0902","2016","£ per Number of items",10559.78
"1383","0902","2016","Value £000's",756646
"1384","0902","2016","Volume (Number of items)",630306
"1385","0902","2017","£ per Number of items",27849.85
"1386","0902","2017","Value £000's",805257
"1387","0902","2017","Volume (Number of items)",847057
"1388","0902","2018","£ per Number of items",24877.1
"1389","0902","2018","Value £000's",954941
"1390","0902","2018","Volume (Number of items)",1017890
"1391","0902","2019","£ per Number of items",3901.15
"1392","0902","2019","Value £000's",1029225
"1393","0902","2019","Volume (Number of items)",1319135
"1394","0902","2020","£ per Number of items",22463.52
"1395","0902","2020","Value £000's",926589
"1396","0902","2020","Volume (Number of items)",1070784
"1397","1001","2008","£ per Number of items",1779.39
"1398","1001","2008","Value £000's",18864
"1399","1001","2008","Volume (Number of items)",31803
"1400","1001","2009","£ per Number of items",8661.93
"1401","1001","2009","Value £000's",12720
"1402","1001","2009","Volume (Number of items)",4404
"1403","1001","2010","£ per Number of items",11235.87
"1404","1001","2010","Value £000's",11871
"1405","1001","2010","Volume (Number of items)",3171
"1406","1001","2011","£ per Number of items",3717.06
"1407","1001","2011","Value £000's",13017
"1408","1001","2011","Volume (Number of items)",10506
"1409","1001","2012","£ per Number of items",2492.31
"1410","1001","2012","Value £000's",12507
"1411","1001","2012","Volume (Number of items)",15057
"1412","1001","2013","£ per Number of items",4142.19
"1413","1001","2013","Value £000's",19830
"1414","1001","2013","Volume (Number of items)",14361
"1415","1001","2014","£ per Number of items",6766.8
"1416","1001","2014","Value £000's",24402
"1417","1001","2014","Volume (Number of items)",10818
"1418","1001","2015","£ per Number of items",9487.65
"1419","1001","2015","Value £000's",53883
"1420","1001","2015","Volume (Number of items)",17037
"1421","1001","2016","£ per Number of items",8887.98
"1422","1001","2016","Value £000's",44301
"1423","1001","2016","Volume (Number of items)",14955
"1424","1001","2017","£ per Number of items",8548.38
"1425","1001","2017","Value £000's",42594
"1426","1001","2017","Volume (Number of items)",14949
"1427","1001","2018","£ per Number of items",8306.16
"1428","1001","2018","Value £000's",35022
"1429","1001","2018","Volume (Number of items)",12648
"1430","1001","2019","£ per Number of items",11884.02
"1431","1001","2019","Value £000's",51378
"1432","1001","2019","Volume (Number of items)",12969
"1433","1001","2020","£ per Number of items",9274.29
"1434","1001","2020","Value £000's",46137
"1435","1001","2020","Volume (Number of items)",14925
"1436","1002","2008","£ per Number of items",1926.42
"1437","1002","2008","Value £000's",49582
"1438","1002","2008","Volume (Number of items)",51476
"1439","1002","2009","£ per Number of items",1677.46
"1440","1002","2009","Value £000's",47452
"1441","1002","2009","Volume (Number of items)",56576
"1442","1002","2010","£ per Number of items",1814.58
"1443","1002","2010","Value £000's",71794
"1444","1002","2010","Volume (Number of items)",79130
"1445","1002","2011","£ per Number of items",1196.7
"1446","1002","2011","Value £000's",65092
"1447","1002","2011","Volume (Number of items)",108786
"1448","1002","2012","£ per Number of items",1027.52
"1449","1002","2012","Value £000's",83952
"1450","1002","2012","Volume (Number of items)",163408
"1451","1002","2013","£ per Number of items",1054.76
"1452","1002","2013","Value £000's",76914
"1453","1002","2013","Volume (Number of items)",145844
"1454","1002","2014","£ per Number of items",941.2
"1455","1002","2014","Value £000's",82918
"1456","1002","2014","Volume (Number of items)",176196
"1457","1002","2015","£ per Number of items",2554.04
"1458","1002","2015","Value £000's",73084
"1459","1002","2015","Volume (Number of items)",57230
"1460","1002","2016","£ per Number of items",4243.34
"1461","1002","2016","Value £000's",81952
"1462","1002","2016","Volume (Number of items)",38626
"1463","1002","2017","£ per Number of items",4236.98
"1464","1002","2017","Value £000's",73578
"1465","1002","2017","Volume (Number of items)",34732
"1466","1002","2018","£ per Number of items",4071.78
"1467","1002","2018","Value £000's",71104
"1468","1002","2018","Volume (Number of items)",34926
"1469","1002","2019","£ per Number of items",2805.24
"1470","1002","2019","Value £000's",54058
"1471","1002","2019","Volume (Number of items)",38540
"1472","1002","2020","£ per Number of items",3022.02
"1473","1002","2020","Value £000's",29538
"1474","1002","2020","Volume (Number of items)",19548
